Workbook
Name Property_Type: Inputs!$C$4
Name Property_Age: Inputs!$C$5
Name Insulation_Rating: Inputs!$C$6
Name UK_Region: Inputs!$C$7
Name Current_Heating: Inputs!$C$8

Sheet Inputs
A1: HeatENE Whole-Home Heating Calculator
B3: PROPERTY DETAILS | E3: 1=Flat, 2=Terrace, 3=Semi, 4=Detached, 5=Bungalow
B4: Property Type | C4: 1 | E4: 1=Pre-1920, 2=1920-50, 3=1950-80, 4=1980-2000, 5=2000+
B5: Property Age | C5: 3 | E5: 1=Poor, 2=Average, 3=Good, 4=Excellent
B6: Insulation Rating | C6: 2 | E6: 1=Scotland, 2=N.England, 3=Midlands, 4=Wales, 5=S.England, 6=London
B7: UK Region | C7: 5 | E7: 1=Gas, 2=Electric, 3=Storage, 4=Oil, 5=LPG, 6=None
B8: Current Heating | C8: 1
B10: ENERGY COSTS
B11: Electricity Rate (p/kWh) | C11: 22 | E11: UK average ~22p (Jan 2026)
B12: Gas Rate (p/kWh) | C12: 5.5 | E12: UK average ~5.5p (Jan 2026)
B13: Annual Heating Bill (£) | C13: 1200 | E13: Your current annual heating cost

Sheet Rooms
A1: Room-by-Room Heat Loss Calculator
A3: # | B3: Room Name | C3: Type | D3: Length(m) | E3: Width(m) | F3: Height(m) | G3: Ext. Walls | H3: Windows | I3: Floor Type | J3: Heat Loss (W) | K3: Panel Size (W) | L3: HeatENE Model
A4: 1 | B4: Living Room | C4: 1 | D4: 5 | E4: 4 | F4: 2.4 | G4: 2 | H4: 2 | I4: 1 | J4: ==IF(D4="","",D4*E4*(50+G4*5+H4*10)*(1+IF(Inputs!C5=1,0.3,IF(Inputs!C5=2,0.15,IF(Inputs!C5=3,0,-0.15))))*(F4/2.4)) | K4: ==IF(J4="","",CEILING(J4,100)) | L4: ==IF(K4="","",IF(K4<=400,"HeatENE 400",IF(K4<=600,"HeatENE 600",IF(K4<=800,"HeatENE 800","HeatENE 1000"))))
A5: 2 | B5: Bedroom 1 | C5: 2 | D5: 4 | E5: 3 | F5: 2.4 | G5: 1 | H5: 1 | I5: 2 | J5: ==IF(D5="","",D5*E5*(50+G5*5+H5*10)*(1+IF(Inputs!C5=1,0.3,IF(Inputs!C5=2,0.15,IF(Inputs!C5=3,0,-0.15))))*(F5/2.4)) | K5: ==IF(J5="","",CEILING(J5,100)) | L5: ==IF(K5="","",IF(K5<=400,"HeatENE 400",IF(K5<=600,"HeatENE 600",IF(K5<=800,"HeatENE 800","HeatENE 1000"))))
A6: 3 | J6: ==IF(D6="","",D6*E6*(50+G6*5+H6*10)*(1+IF(Inputs!C5=1,0.3,IF(Inputs!C5=2,0.15,IF(Inputs!C5=3,0,-0.15))))*(F6/2.4)) | K6: ==IF(J6="","",CEILING(J6,100)) | L6: ==IF(K6="","",IF(K6<=400,"HeatENE 400",IF(K6<=600,"HeatENE 600",IF(K6<=800,"HeatENE 800","HeatENE 1000"))))
A7: 4 | J7: ==IF(D7="","",D7*E7*(50+G7*5+H7*10)*(1+IF(Inputs!C5=1,0.3,IF(Inputs!C5=2,0.15,IF(Inputs!C5=3,0,-0.15))))*(F7/2.4)) | K7: ==IF(J7="","",CEILING(J7,100)) | L7: ==IF(K7="","",IF(K7<=400,"HeatENE 400",IF(K7<=600,"HeatENE 600",IF(K7<=800,"HeatENE 800","HeatENE 1000"))))
A8: 5 | J8: ==IF(D8="","",D8*E8*(50+G8*5+H8*10)*(1+IF(Inputs!C5=1,0.3,IF(Inputs!C5=2,0.15,IF(Inputs!C5=3,0,-0.15))))*(F8/2.4)) | K8: ==IF(J8="","",CEILING(J8,100)) | L8: ==IF(K8="","",IF(K8<=400,"HeatENE 400",IF(K8<=600,"HeatENE 600",IF(K8<=800,"HeatENE 800","HeatENE 1000"))))
A9: 6 | J9: ==IF(D9="","",D9*E9*(50+G9*5+H9*10)*(1+IF(Inputs!C5=1,0.3,IF(Inputs!C5=2,0.15,IF(Inputs!C5=3,0,-0.15))))*(F9/2.4)) | K9: ==IF(J9="","",CEILING(J9,100)) | L9: ==IF(K9="","",IF(K9<=400,"HeatENE 400",IF(K9<=600,"HeatENE 600",IF(K9<=800,"HeatENE 800","HeatENE 1000"))))
A10: 7 | J10: ==IF(D10="","",D10*E10*(50+G10*5+H10*10)*(1+IF(Inputs!C5=1,0.3,IF(Inputs!C5=2,0.15,IF(Inputs!C5=3,0,-0.15))))*(F10/2.4)) | K10: ==IF(J10="","",CEILING(J10,100)) | L10: ==IF(K10="","",IF(K10<=400,"HeatENE 400",IF(K10<=600,"HeatENE 600",IF(K10<=800,"HeatENE 800","HeatENE 1000"))))
A11: 8 | J11: ==IF(D11="","",D11*E11*(50+G11*5+H11*10)*(1+IF(Inputs!C5=1,0.3,IF(Inputs!C5=2,0.15,IF(Inputs!C5=3,0,-0.15))))*(F11/2.4)) | K11: ==IF(J11="","",CEILING(J11,100)) | L11: ==IF(K11="","",IF(K11<=400,"HeatENE 400",IF(K11<=600,"HeatENE 600",IF(K11<=800,"HeatENE 800","HeatENE 1000"))))
A12: 9 | J12: ==IF(D12="","",D12*E12*(50+G12*5+H12*10)*(1+IF(Inputs!C5=1,0.3,IF(Inputs!C5=2,0.15,IF(Inputs!C5=3,0,-0.15))))*(F12/2.4)) | K12: ==IF(J12="","",CEILING(J12,100)) | L12: ==IF(K12="","",IF(K12<=400,"HeatENE 400",IF(K12<=600,"HeatENE 600",IF(K12<=800,"HeatENE 800","HeatENE 1000"))))
A13: 10 | J13: ==IF(D13="","",D13*E13*(50+G13*5+H13*10)*(1+IF(Inputs!C5=1,0.3,IF(Inputs!C5=2,0.15,IF(Inputs!C5=3,0,-0.15))))*(F13/2.4)) | K13: ==IF(J13="","",CEILING(J13,100)) | L13: ==IF(K13="","",IF(K13<=400,"HeatENE 400",IF(K13<=600,"HeatENE 600",IF(K13<=800,"HeatENE 800","HeatENE 1000"))))
B16: Room Types:
B17: 1=Living, 2=Bedroom, 3=Kitchen, 4=Bathroom, 5=Office, 6=Hallway, 7=Dining
B18: Windows:
B19: 1=Small, 2=Medium, 3=Large, 4=Extensive
B20: Floor Type:
B21: 1=Ground, 2=Upper, 3=Over unheated space

Sheet Results
A1: HeatENE Results & Savings
B3: SYSTEM SUMMARY
B4: Total Heat Requirement (W) | C4: ==SUM(Rooms!J4:J13)
B5: Number of Panels Needed | C5: ==COUNTIF(Rooms!K4:K13,">0")
B6: Total Panel Capacity (W) | C6: ==SUM(Rooms!K4:K13)
B8: EQUIPMENT COSTS
B9: HeatENE 400 panels (£280 each) | C9: ==COUNTIF(Rooms!L4:L13,"HeatENE 400")*280
B10: HeatENE 600 panels (£350 each) | C10: ==COUNTIF(Rooms!L4:L13,"HeatENE 600")*350
B11: HeatENE 800 panels (£420 each) | C11: ==COUNTIF(Rooms!L4:L13,"HeatENE 800")*420
B12: HeatENE 1000 panels (£500 each) | C12: ==COUNTIF(Rooms!L4:L13,"HeatENE 1000")*500
B13: Total Equipment Cost | C13: ==SUM(C9:C12)
B14: Installation (£50/panel, optional) | C14: ==C5*50
B15: Total with Installation | C15: ==C13+C14
B17: ANNUAL RUNNING COSTS
B18: Current Annual Heating Cost | C18: ==Inputs!C12
B19: HeatENE Annual Running Cost | C19: ==C6*8*180*(Inputs!C10/100)/1000 | E19: (Based on 8 hrs/day, 180 heating days)
B20: Annual Savings | C20: ==C18-C19
B21: Break-even Point (years) | C21: ==IF(C20>0,C13/C20,"N/A")
B23: ENVIRONMENTAL IMPACT
B24: CO₂ Saved per Year (kg) | C24: ==IF(Inputs!C8=1,(C18/(Inputs!C11/100))*0.182-(C19/(Inputs!C10/100))*0.207,0) | E24: (Gas: 0.182 kg/kWh, Electric: 0.207 kg/kWh)
B26: 10-YEAR PROJECTION
B27: Year | C27: Current System | D27: HeatENE
B28: 0 | C28: ==C18*0 | D28: ==C13+C19*0
B29: 1 | C29: ==C18*1 | D29: ==C13+C19*1
B30: 2 | C30: ==C18*2 | D30: ==C13+C19*2
B31: 3 | C31: ==C18*3 | D31: ==C13+C19*3
B32: 4 | C32: ==C18*4 | D32: ==C13+C19*4
B33: 5 | C33: ==C18*5 | D33: ==C13+C19*5
B34: 6 | C34: ==C18*6 | D34: ==C13+C19*6
B35: 7 | C35: ==C18*7 | D35: ==C13+C19*7
B36: 8 | C36: ==C18*8 | D36: ==C13+C19*8
B37: 9 | C37: ==C18*9 | D37: ==C13+C19*9
B38: 10 | C38: ==C18*10 | D38: ==C13+C19*10

Sheet Pricing
A1: HeatENE Panel Pricing
B3: Model | C3: Wattage | D3: Price (£) | E3: Best For
B4: HeatENE 400 | C4: 400 | D4: 280 | E4: Small rooms, bathrooms, offices
B5: HeatENE 600 | C5: 600 | D5: 350 | E5: Bedrooms, medium rooms
B6: HeatENE 800 | C6: 800 | D6: 420 | E6: Living rooms, open spaces
B7: HeatENE 1000 | C7: 1000 | D7: 500 | E7: Large rooms, high ceilings
B9: 💡 Tip: Edit prices above to update all calculations
